user_id,name,age,gender,email
1,Addison Jeannin,25,Male,ajeannin0@go.com
2,Onfroi Harbisher,19,Male,oharbisher1@seattletimes.com
3,Barn Pountain,47,Male,bpountain2@opera.com
4,Adrian McDermott,54,Male,amcdermott3@abc.net.au
5,Angie Pifford,26,Female,apifford4@baidu.com
6,Fletch Durban,62,Male,fdurban5@trellian.com
7,Talbot Westell,26,Male,twestell6@disqus.com
8,Bran Kinnard,35,Male,bkinnard7@reddit.com
9,Cherice Repper,52,Female,crepper8@nasa.gov
10,Amy Lush,13,Female,alush9@gov.uk
11,Sarah Currao,31,Female,scurraoa@simplemachines.org
12,Stacy Antonijevic,18,Male,santonijevicb@last.fm
13,Johnna O'Hollegan,11,Female,joholleganc@joomla.org
14,Blake Gregorio,29,Female,bgregoriod@nhs.uk
15,Annamarie Chadwick,33,Female,achadwicke@google.it
16,Electra Lundy,17,Genderqueer,elundyf@furl.net
17,Tuckie Croston,65,Male,tcrostong@google.co.jp
18,Farlie Nurden,12,Male,fnurdenh@chron.com
19,Howie McGuane,11,Genderqueer,hmcguanei@bing.com
20,Gardie Doveston,7,Male,gdovestonj@ed.gov
21,Kathlin Longhurst,55,Female,klonghurstk@cnet.com
22,Charlton Wheaton,21,Male,cwheatonl@unicef.org
23,Benyamin Fleckness,18,Bigender,bflecknessm@disqus.com
24,Seymour Mailey,35,Non-binary,smaileyn@ycombinator.com
25,Jarib Birchenhead,53,Male,jbirchenheado@booking.com
26,Randie Brosoli,35,Male,rbrosolip@mail.ru
27,Joe Ribbens,16,Male,jribbensq@feedburner.com
28,Clotilda Soda,57,Female,csodar@ca.gov
29,Martina Sapir,34,Female,msapirs@accuweather.com
30,Douglass Toombes,18,Male,dtoombest@craigslist.org
31,Guillema Woodhall,9,Female,gwoodhallu@google.nl
32,Linet Size,37,Female,lsizev@tripod.com
33,Wade Knappen,22,Male,wknappenw@time.com
34,Lilian Merriott,47,Female,lmerriottx@nature.com
35,Sibylla Matijevic,16,Female,smatijevicy@howstuffworks.com
36,Birdie Siegertsz,40,Female,bsiegertszz@bravesites.com
37,Tailor Bebbell,6,Male,tbebbell10@ezinearticles.com
38,Wallace McEntegart,21,Male,wmcentegart11@dropbox.com
39,Lawrence Yoxall,58,Male,lyoxall12@xing.com
40,Gardener Ennals,50,Male,gennals13@smh.com.au
41,Selia Saul,58,Female,ssaul14@slate.com
42,Peria Lorek,13,Female,plorek15@youtu.be
43,Heindrick Earie,5,Male,hearie16@bravesites.com
44,Leonardo Wilstead,33,Male,lwilstead17@squarespace.com
45,Ulrika Craine,10,Polygender,ucraine18@printfriendly.com
46,Hermann Rawlcliffe,7,Male,hrawlcliffe19@bloglovin.com
47,Raina Gabbatiss,39,Female,rgabbatiss1a@webnode.com
48,Ferguson Howorth,37,Male,fhoworth1b@dmoz.org
49,Breena O'Connolly,24,Female,boconnolly1c@nymag.com
50,Otho Brooke,62,Male,obrooke1d@gnu.org
51,Joice Comberbeach,17,Female,jcomberbeach1e@meetup.com
52,Clemmy Anthill,62,Male,canthill1f@ucoz.com
53,Norry Brounfield,23,Male,nbrounfield1g@icio.us
54,Tiebold Clifft,22,Male,tclifft1h@biblegateway.com
55,Jaclin Leipelt,59,Female,jleipelt1i@netscape.com
56,Scotty Songhurst,39,Male,ssonghurst1j@senate.gov
57,Wood Shemmin,48,Male,wshemmin1k@mashable.com
58,Gibbie Akroyd,51,Male,gakroyd1l@nba.com
59,Sander Frankcomb,54,Male,sfrankcomb1m@shutterfly.com
60,Horacio Ivain,30,Male,hivain1n@addthis.com
61,Toiboid Corrigan,38,Male,tcorrigan1o@about.me
62,Gauthier Hoggetts,5,Male,ghoggetts1p@i2i.jp
63,Oliviero Robers,49,Bigender,orobers1q@earthlink.net
64,Gonzales Shoppee,30,Male,gshoppee1r@nytimes.com
65,Edmon Trickett,64,Male,etrickett1s@bloglines.com
66,Colet Gaspero,6,Genderqueer,cgaspero1t@discuz.net
67,Morley Leason,50,Male,mleason1u@istockphoto.com
68,Harmon Bellefant,9,Male,hbellefant1v@google.ca
69,Reynold Wadeson,17,Male,rwadeson1w@gnu.org
70,Richy Koba,28,Male,rkoba1x@homestead.com
71,Berkeley Guillotin,24,Male,bguillotin1y@blog.com
72,Nichole Cathery,43,Female,ncathery1z@smh.com.au
73,Linus Danilovitch,56,Male,ldanilovitch20@addtoany.com
74,Carlota Brend,65,Female,cbrend21@ask.com
75,Vanya MacScherie,48,Male,vmacscherie22@studiopress.com
76,Livvie Yakushkin,41,Female,lyakushkin23@reverbnation.com
77,Thane Lidden,24,Male,tlidden24@salon.com
78,Alica Warlow,19,Bigender,awarlow25@wisc.edu
79,Magdalene Walczak,8,Female,mwalczak26@independent.co.uk
80,Marlin Elward,46,Male,melward27@discuz.net
81,Cele Abramow,30,Female,cabramow28@nifty.com
82,Chevalier Dunkerley,65,Male,cdunkerley29@dyndns.org
83,Amelia Corah,38,Female,acorah2a@fema.gov
84,Gard Moores,41,Male,gmoores2b@salon.com
85,Domini Cockerham,8,Female,dcockerham2c@tumblr.com
86,Hale Tremellier,57,Male,htremellier2d@simplemachines.org
87,Rowan Whitebread,42,Male,rwhitebread2e@rediff.com
88,Horten Alster,52,Male,halster2f@shutterfly.com
89,Felike Evemy,53,Male,fevemy2g@e-recht24.de
90,Tonye Messruther,26,Female,tmessruther2h@homestead.com
91,Florrie Ellingford,25,Female,fellingford2i@independent.co.uk
92,Augustine Amiranda,65,Female,aamiranda2j@tiny.cc
93,Nadean Jeffry,37,Female,njeffry2k@si.edu
94,Currey Blazevic,50,Male,cblazevic2l@who.int
95,Travis Bedo,39,Male,tbedo2m@walmart.com
96,Janela Ranklin,20,Female,jranklin2n@tripadvisor.com
97,Selinda Lacroix,52,Female,slacroix2o@ifeng.com
98,Leroi Usmar,60,Male,lusmar2p@loc.gov
99,Theo Edinborough,65,Female,tedinborough2q@tamu.edu
100,Tomkin Monk,50,Male,tmonk2r@pbs.org
101,Rodrick Cranke,7,Male,rcranke2s@samsung.com
102,Claus Baron,7,Male,cbaron2t@photobucket.com
103,Bill Eyckelbeck,37,Bigender,beyckelbeck2u@wikispaces.com
104,Maudie Dymick,58,Female,mdymick2v@mashable.com
105,Nanine Acres,49,Female,nacres2w@geocities.jp
106,Sibby Berard,42,Female,sberard2x@slashdot.org
107,Leelah Syde,14,Female,lsyde2y@over-blog.com
108,Earvin Hartfield,37,Male,ehartfield2z@dailymail.co.uk
109,Emmott Dumbelton,47,Male,edumbelton30@artisteer.com
110,Vinson Guilaem,27,Male,vguilaem31@taobao.com
111,Nathanael Brummell,55,Male,nbrummell32@cnbc.com
112,Melly Crossland,54,Female,mcrossland33@alibaba.com
113,Lowrance Exrol,16,Male,lexrol34@google.es
114,Inna Espadate,50,Female,iespadate35@bloglovin.com
115,Tirrell Lanigan,23,Male,tlanigan36@weebly.com
116,Nettie Wolfart,17,Female,nwolfart37@bbc.co.uk
117,Pedro Lippett,27,Male,plippett38@imageshack.us
118,Virgilio Maundrell,56,Male,vmaundrell39@domainmarket.com
119,Tannie Ollerton,37,Male,tollerton3a@tripadvisor.com
120,Peria Raveau,45,Bigender,praveau3b@omniture.com
121,Vera Laterza,37,Female,vlaterza3c@zdnet.com
122,Orazio Burnside,17,Male,oburnside3d@google.es
123,Emmalynn Folkard,58,Female,efolkard3e@utexas.edu
124,Dolly Lyddiard,27,Female,dlyddiard3f@com.com
125,Annemarie Benyan,59,Female,abenyan3g@scribd.com
126,Matias Jewel,34,Male,mjewel3h@time.com
127,Orion Bownass,56,Male,obownass3i@hatena.ne.jp
128,Kristoforo Cogdon,12,Male,kcogdon3j@hc360.com
129,Georgie Von Der Empten,51,Female,gvon3k@digg.com
130,Alvinia Phippard,40,Polygender,aphippard3l@nifty.com
131,Teddi Littell,63,Female,tlittell3m@nbcnews.com
132,Sheri Cowely,5,Female,scowely3n@comcast.net
133,Sherwynd Bridgewater,16,Male,sbridgewater3o@cloudflare.com
134,Carney Roote,30,Bigender,croote3p@accuweather.com
135,Gretel Loding,23,Female,gloding3q@comsenz.com
136,Myrlene Waddington,6,Female,mwaddington3r@indiegogo.com
137,Lainey Snead,41,Female,lsnead3s@imgur.com
138,Quintana Skrine,29,Female,qskrine3t@bloglovin.com
139,Linnie Bolmann,54,Female,lbolmann3u@time.com
140,Teressa Betho,36,Female,tbetho3v@ucoz.ru
141,Ruperto Fusco,27,Male,rfusco3w@quantcast.com
142,Warden O'Collopy,33,Male,wocollopy3x@stumbleupon.com
143,Nessie Buxcy,11,Female,nbuxcy3y@cam.ac.uk
144,Emelyne Mahony,56,Female,emahony3z@huffingtonpost.com
145,Witty Clayton,43,Male,wclayton40@google.fr
146,Leigh Paulich,55,Male,lpaulich41@apache.org
147,Barnie Writer,48,Male,bwriter42@sun.com
148,Berke McPartlin,47,Male,bmcpartlin43@github.com
149,Felicio Ciobotaro,5,Male,fciobotaro44@ft.com
150,Pippo Puttergill,8,Male,pputtergill45@alexa.com
151,Edmon McAster,19,Male,emcaster46@creativecommons.org
152,Torrey Flooks,10,Male,tflooks47@irs.gov
153,Fionna Netherwood,23,Female,fnetherwood48@timesonline.co.uk
154,Candide Waller,33,Female,cwaller49@nih.gov
155,Harley Craker,20,Female,hcraker4a@icq.com
156,Emili Hartman,65,Female,ehartman4b@purevolume.com
157,Meggy O'Tuohy,61,Female,motuohy4c@xinhuanet.com
158,Loraine Gouny,12,Female,lgouny4d@i2i.jp
159,George Yeomans,9,Male,gyeomans4e@gov.uk
160,Oby Dregan,53,Polygender,odregan4f@plala.or.jp
161,Madelin Geely,54,Female,mgeely4g@wiley.com
162,Constantia Whiteford,48,Female,cwhiteford4h@cpanel.net
163,Storm Easlea,40,Female,seaslea4i@engadget.com
164,Abbe Thomasset,62,Female,athomasset4j@networksolutions.com
165,Laraine Killelay,18,Genderfluid,lkillelay4k@over-blog.com
166,Brigida Yerborn,55,Female,byerborn4l@seesaa.net
167,Virge Elphinston,28,Male,velphinston4m@stanford.edu
168,Whitaker Prinnett,38,Male,wprinnett4n@amazonaws.com
169,Ted Lorey,25,Female,tlorey4o@parallels.com
170,Johnathon Beeble,10,Male,jbeeble4p@list-manage.com
171,Everett Hedges,55,Male,ehedges4q@privacy.gov.au
172,Prinz Blenkinsopp,7,Male,pblenkinsopp4r@soundcloud.com
173,Gaven Febvre,23,Male,gfebvre4s@mapquest.com
174,Rolph Cotsford,22,Male,rcotsford4t@hubpages.com
175,Devin Dunbabin,47,Male,ddunbabin4u@friendfeed.com
176,Alie Gregoratti,49,Female,agregoratti4v@goo.ne.jp
177,Barney Jimpson,14,Polygender,bjimpson4w@reverbnation.com
178,Jacquelyn Tooher,8,Female,jtooher4x@printfriendly.com
179,Boigie Chiverton,63,Male,bchiverton4y@sciencedirect.com
180,Berta Konig,43,Female,bkonig4z@google.fr
181,Milli Magor,10,Agender,mmagor50@xrea.com
182,Edee Tarplee,11,Female,etarplee51@123-reg.co.uk
183,Tommie Isted,13,Male,tisted52@nba.com
184,Coralie Rowat,16,Non-binary,crowat53@goodreads.com
185,Rosabelle Valens-Smith,45,Female,rvalenssmith54@yahoo.com
186,Fancy Wight,50,Female,fwight55@ameblo.jp
187,Antons Waldron,44,Bigender,awaldron56@marriott.com
188,Melesa Benninger,45,Polygender,mbenninger57@jiathis.com
189,Charley Vernall,9,Male,cvernall58@amazon.com
190,Stinky Jull,5,Male,sjull59@examiner.com
191,Cointon Scholey,6,Male,cscholey5a@mapquest.com
192,Carolyn Tipton,41,Female,ctipton5b@seattletimes.com
193,Halli Broadwell,48,Female,hbroadwell5c@people.com.cn
194,Bernardo Hindmore,60,Male,bhindmore5d@sogou.com
195,Winn Fransemai,46,Male,wfransemai5e@ft.com
196,Saba Quinsee,23,Female,squinsee5f@slashdot.org
197,Norbie Dumbrall,35,Male,ndumbrall5g@stumbleupon.com
198,Reinald Meech,42,Male,rmeech5h@marketwatch.com
199,Rianon Applin,46,Female,rapplin5i@hexun.com
200,Frasier Baldazzi,62,Bigender,fbaldazzi5j@rediff.com
201,Lucais Mc Harg,65,Male,lmc5k@naver.com
202,Kerry Bigby,47,Male,kbigby5l@facebook.com
203,Gabbey De la croix,18,Female,gde5m@issuu.com
204,Hillery Perello,10,Non-binary,hperello5n@skype.com
205,Vanya Livezley,38,Female,vlivezley5o@1und1.de
206,Shell Sheppey,15,Female,ssheppey5p@skype.com
207,Stevena Whapples,38,Female,swhapples5q@hatena.ne.jp
208,Cyrille Alchin,9,Male,calchin5r@guardian.co.uk
209,Otis Mulberry,42,Male,omulberry5s@columbia.edu
210,Wendie Pawfoot,33,Female,wpawfoot5t@acquirethisname.com
211,Estell Brightie,44,Female,ebrightie5u@csmonitor.com
212,Marena Fealty,60,Female,mfealty5v@homestead.com
213,Zelma Drissell,45,Female,zdrissell5w@ucoz.com
214,Margareta Darracott,24,Female,mdarracott5x@plala.or.jp
215,Tris Gudgen,49,Male,tgudgen5y@archive.org
216,Golda Ventom,42,Female,gventom5z@hao123.com
217,Morley Sprull,56,Bigender,msprull60@thetimes.co.uk
218,Nickolai Prentice,8,Male,nprentice61@cyberchimps.com
219,Judie Serrels,60,Female,jserrels62@cloudflare.com
220,Thatch Berthel,5,Male,tberthel63@tuttocitta.it
221,Karina Renforth,29,Female,krenforth64@mysql.com
222,Letta Tillett,12,Female,ltillett65@symantec.com
223,Bridget Grishunin,37,Female,bgrishunin66@free.fr
224,Kamillah Lathe,63,Female,klathe67@shareasale.com
225,Sawyer Ianitti,17,Male,sianitti68@ameblo.jp
226,Fianna Doldon,41,Female,fdoldon69@japanpost.jp
227,Dewitt Lyokhin,55,Male,dlyokhin6a@deviantart.com
228,Nicola Wadforth,29,Male,nwadforth6b@booking.com
229,Trish Matus,42,Female,tmatus6c@slate.com
230,Esteban McFarlan,61,Polygender,emcfarlan6d@businessinsider.com
231,Giselbert O'Connolly,63,Male,goconnolly6e@newsvine.com
232,Maison Scrowston,20,Male,mscrowston6f@rediff.com
233,Nanine Mintrim,48,Genderfluid,nmintrim6g@rakuten.co.jp
234,Rora Rivard,8,Female,rrivard6h@berkeley.edu
235,Kliment Skeggs,31,Male,kskeggs6i@kickstarter.com
236,Lavinie Jahn,55,Female,ljahn6j@webs.com
237,Clemence Inkin,36,Genderfluid,cinkin6k@ucsd.edu
238,Casey Hierro,7,Male,chierro6l@umich.edu
239,Foster Renshell,32,Male,frenshell6m@indiatimes.com
240,Valentia Schubbert,47,Female,vschubbert6n@dion.ne.jp
241,Lorelle Guage,19,Female,lguage6o@yelp.com
242,Derrick McNirlan,17,Male,dmcnirlan6p@samsung.com
243,Rollo Piercy,62,Male,rpiercy6q@archive.org
244,Verene Gommey,45,Female,vgommey6r@usatoday.com
245,Guenevere Sudworth,32,Genderfluid,gsudworth6s@goo.gl
246,Eward Chippindall,42,Male,echippindall6t@privacy.gov.au
247,Jose Withur,49,Male,jwithur6u@webnode.com
248,Hanny Mac Giany,40,Female,hmac6v@goo.ne.jp
249,Ernaline Saffen,30,Female,esaffen6w@ning.com
250,Marylee Cavalier,55,Female,mcavalier6x@nhs.uk
251,Dione Cuttell,16,Female,dcuttell6y@blogs.com
252,Andreas Frostdick,22,Male,afrostdick6z@delicious.com
253,Etti Zotto,59,Female,ezotto70@mit.edu
254,Constantina Meins,57,Polygender,cmeins71@macromedia.com
255,Karl Budleigh,42,Male,kbudleigh72@linkedin.com
256,Chick Quantrell,55,Genderqueer,cquantrell73@jugem.jp
257,Marlon Reynolds,5,Male,mreynolds74@ox.ac.uk
258,Christy Konneke,50,Male,ckonneke75@meetup.com
259,Connie Foskew,41,Female,cfoskew76@geocities.com
260,Zaneta McDonand,8,Female,zmcdonand77@imdb.com
261,Saba Tumayan,65,Female,stumayan78@wordpress.com
262,Willetta MacKnocker,51,Female,wmacknocker79@example.com
263,Evvie Yurasov,47,Female,eyurasov7a@wired.com
264,Maritsa Raigatt,6,Female,mraigatt7b@eepurl.com
265,Salim Hantusch,51,Male,shantusch7c@blogtalkradio.com
266,Fred Klimushev,9,Male,fklimushev7d@wikia.com
267,Arielle Galpen,54,Female,agalpen7e@cisco.com
268,Violante Hatherleigh,39,Female,vhatherleigh7f@weebly.com
269,Grover MacGinney,9,Male,gmacginney7g@mail.ru
270,Bogart Crosgrove,10,Male,bcrosgrove7h@ft.com
271,Giorgio Fisby,7,Male,gfisby7i@dmoz.org
272,Aurelea Spours,47,Female,aspours7j@mail.ru
273,Jerrome Cock,41,Bigender,jcock7k@sun.com
274,Janis Marrison,21,Female,jmarrison7l@wikispaces.com
275,Mella Strutley,40,Female,mstrutley7m@parallels.com
276,Lesli Offen,18,Female,loffen7n@mediafire.com
277,Kasey Twopenny,34,Genderqueer,ktwopenny7o@wp.com
278,Helaina Ferschke,17,Female,hferschke7p@comsenz.com
279,Henderson Wooff,51,Male,hwooff7q@whitehouse.gov
280,Halette Langman,54,Female,hlangman7r@toplist.cz
281,Grete Kulicke,19,Female,gkulicke7s@wiley.com
282,Leisha Deaves,33,Female,ldeaves7t@google.nl
283,Foster Seiffert,23,Male,fseiffert7u@ucla.edu
284,Gracie Bellino,16,Female,gbellino7v@ed.gov
285,Rosabelle Semmens,47,Female,rsemmens7w@google.co.uk
286,Leigh Chastey,46,Male,lchastey7x@ibm.com
287,Keefer Karp,60,Genderfluid,kkarp7y@thetimes.co.uk
288,Blakeley Adney,37,Female,badney7z@t-online.de
289,Eugenio Pearmain,10,Male,epearmain80@biblegateway.com
290,Othilie McGilmartin,49,Female,omcgilmartin81@nymag.com
291,Wilden Utton,6,Male,wutton82@imgur.com
292,Nobie Swaysland,40,Male,nswaysland83@businessinsider.com
293,Koenraad McElrath,24,Male,kmcelrath84@oracle.com
294,Veronique Christiensen,35,Female,vchristiensen85@vistaprint.com
295,Ira O'Collopy,39,Female,iocollopy86@twitpic.com
296,Lizzie Coggon,37,Female,lcoggon87@drupal.org
297,Moritz Scoles,41,Male,mscoles88@tripod.com
298,Junia Hacking,30,Female,jhacking89@trellian.com
299,Beverley Gledstane,21,Female,bgledstane8a@angelfire.com
300,Huberto Milan,12,Male,hmilan8b@constantcontact.com
301,Zahara Aleksankin,32,Female,zaleksankin8c@nydailynews.com
302,Wyatt Winkworth,21,Male,wwinkworth8d@example.com
303,Amalita Mauditt,38,Female,amauditt8e@dailymotion.com
304,Hillyer Grafhom,42,Bigender,hgrafhom8f@stumbleupon.com
305,Shelly Clemmitt,21,Female,sclemmitt8g@icq.com
306,Domenic Gowing,22,Male,dgowing8h@yelp.com
307,Bryce Ivanishin,28,Agender,bivanishin8i@indiatimes.com
308,Lanny Shortland,60,Male,lshortland8j@intel.com
309,Opal Dubock,21,Female,odubock8k@indiatimes.com
310,Cassandre Hinckley,5,Female,chinckley8l@nifty.com
311,Gerhardt Bows,52,Male,gbows8m@forbes.com
312,Kim Cansdell,27,Female,kcansdell8n@plala.or.jp
313,Gilles Winfred,62,Male,gwinfred8o@opensource.org
314,Vera Copeman,62,Female,vcopeman8p@mediafire.com
315,Ossie Lammin,58,Male,olammin8q@nba.com
316,Gardner Patifield,8,Male,gpatifield8r@zimbio.com
317,Alden Thomsen,18,Male,athomsen8s@nsw.gov.au
318,Pamelina Sandison,49,Female,psandison8t@adobe.com
319,Ford Embery,14,Male,fembery8u@wikimedia.org
320,Aldon Mates,15,Male,amates8v@theguardian.com
321,Melina Feasley,22,Female,mfeasley8w@ovh.net
322,Pace Woollons,32,Male,pwoollons8x@fda.gov
323,Wilbert Gleeson,10,Male,wgleeson8y@ftc.gov
324,Michaeline Desouza,16,Female,mdesouza8z@jiathis.com
325,Sanders Caston,26,Male,scaston90@europa.eu
326,Lea McVey,25,Bigender,lmcvey91@admin.ch
327,Odelle Tincknell,54,Female,otincknell92@tmall.com
328,Pedro Ethridge,57,Male,pethridge93@vistaprint.com
329,Wren Denniss,38,Female,wdenniss94@cbc.ca
330,Mohandis Ickovitz,29,Male,mickovitz95@house.gov
331,Rocky Mordacai,23,Male,rmordacai96@clickbank.net
332,Matt Ancliff,16,Male,mancliff97@google.pl
333,Hagen Gibbonson,31,Male,hgibbonson98@twitpic.com
334,Paula Faulds,46,Female,pfaulds99@etsy.com
335,Saxon Janusz,20,Male,sjanusz9a@angelfire.com
336,Delly Gotmann,27,Female,dgotmann9b@github.com
337,Donovan Risley,51,Male,drisley9c@nps.gov
338,Charissa Kalinowsky,20,Female,ckalinowsky9d@ustream.tv
339,Carlina Styant,39,Female,cstyant9e@china.com.cn
340,Maurizia Abels,43,Female,mabels9f@yelp.com
341,Jeremiah Sallan,35,Male,jsallan9g@jimdo.com
342,Dyana Haly,11,Female,dhaly9h@mtv.com
343,Willi Thoma,9,Male,wthoma9i@flickr.com
344,Valle Delap,55,Male,vdelap9j@ebay.com
345,Dacie Sitlinton,13,Female,dsitlinton9k@prnewswire.com
346,Casar Teligin,9,Bigender,cteligin9l@samsung.com
347,Loutitia Barfield,49,Female,lbarfield9m@reddit.com
348,Cordelie Trembey,41,Female,ctrembey9n@webmd.com
349,Tybalt Saffran,21,Male,tsaffran9o@kickstarter.com
350,Erika Hafner,14,Female,ehafner9p@sitemeter.com
351,Herve Lesslie,6,Male,hlesslie9q@xing.com
352,Lorry Linebarger,24,Non-binary,llinebarger9r@geocities.jp
353,Latrena Woodruffe,15,Female,lwoodruffe9s@devhub.com
354,Harmonie Andrasch,34,Non-binary,handrasch9t@fotki.com
355,Garrott Cawse,6,Genderfluid,gcawse9u@canalblog.com
356,Orbadiah Plues,18,Male,oplues9v@forbes.com
357,Phip Creeber,18,Male,pcreeber9w@sitemeter.com
358,Anett Ciementini,29,Female,aciementini9x@typepad.com
359,Ingrim Kettoe,50,Male,ikettoe9y@arizona.edu
360,Daren Goolding,42,Male,dgoolding9z@bizjournals.com
361,Pascal Dowglass,52,Male,pdowglassa0@gmpg.org
362,Ardelis Antonoczyk,9,Bigender,aantonoczyka1@comcast.net
363,Dotti Humbie,49,Genderqueer,dhumbiea2@mayoclinic.com
364,Loria Cymper,57,Female,lcympera3@earthlink.net
365,Aubrey Seckom,50,Female,aseckoma4@netvibes.com
366,Gilberta Humbey,47,Female,ghumbeya5@t.co
367,Anthe Paulet,65,Female,apauleta6@is.gd
368,Davidde Castiglione,33,Male,dcastiglionea7@latimes.com
369,Austin Surman,22,Female,asurmana8@statcounter.com
370,Benson Ryles,16,Male,brylesa9@list-manage.com
371,Myrwyn Clougher,58,Genderqueer,mclougheraa@angelfire.com
372,Pascale Emmott,18,Male,pemmottab@newsvine.com
373,Hyman Duker,32,Male,hdukerac@admin.ch
374,Cordy Livett,24,Female,clivettad@hp.com
375,Kingsley Longhi,58,Male,klonghiae@nsw.gov.au
376,Trumaine Capp,45,Male,tcappaf@ca.gov
377,Wendall Roberds,60,Male,wroberdsag@ted.com
378,Joaquin Borgars,28,Male,jborgarsah@booking.com
379,Rosabella O'Brian,22,Female,robrianai@dagondesign.com
380,Huey Leyton,28,Male,hleytonaj@technorati.com
381,Brok Gurry,21,Male,bgurryak@buzzfeed.com
382,Aleta Lamperd,37,Female,alamperdal@army.mil
383,Patrizia Donaldson,63,Female,pdonaldsonam@dropbox.com
384,Isidoro Hassett,20,Male,ihassettan@opera.com
385,Stephani Scawton,48,Female,sscawtonao@salon.com
386,Estel Goldby,38,Female,egoldbyap@dyndns.org
387,Dougy Londer,29,Male,dlonderaq@youku.com
388,Valenka Poure,10,Female,vpourear@umn.edu
389,Dennie Lascell,49,Female,dlascellas@un.org
390,Arlyne Adshad,11,Female,aadshadat@europa.eu
391,Randie Sharland,25,Male,rsharlandau@goo.ne.jp
392,Jeanette Weddeburn - Scrimgeour,6,Female,jweddeburnav@webs.com
393,Amitie Pinyon,41,Non-binary,apinyonaw@comsenz.com
394,Liana Greber,15,Female,lgreberax@addtoany.com
395,Dolores Wonfor,58,Female,dwonforay@google.com.br
396,Kari Canty,61,Female,kcantyaz@squarespace.com
397,Delcina Verbeek,48,Bigender,dverbeekb0@theguardian.com
398,Mayne Spolton,13,Male,mspoltonb1@noaa.gov
399,Gasparo Giacubo,12,Male,ggiacubob2@taobao.com
400,Ilysa Crockley,17,Female,icrockleyb3@mozilla.org
401,Spense Cristoferi,17,Male,scristoferib4@java.com
402,Will Bentley,34,Male,wbentleyb5@posterous.com
403,Evey Clemo,40,Female,eclemob6@tinypic.com
404,Meggie MacDirmid,51,Female,mmacdirmidb7@wp.com
405,Meggi Uttridge,56,Genderqueer,muttridgeb8@about.com
406,Gaven Copestake,32,Male,gcopestakeb9@reverbnation.com
407,Pennie Delcastel,31,Male,pdelcastelba@twitpic.com
408,Sibeal Livingston,39,Female,slivingstonbb@mapy.cz
409,Cheslie Wyldbore,10,Female,cwyldborebc@blogs.com
410,Brinna Fane,23,Female,bfanebd@patch.com
411,Glenna Marc,7,Female,gmarcbe@cam.ac.uk
412,Jewell Gringley,20,Female,jgringleybf@cbslocal.com
413,Daven Dixon,24,Male,ddixonbg@sourceforge.net
414,Nicola Gogarty,29,Male,ngogartybh@weebly.com
415,Elinore Glastonbury,51,Female,eglastonburybi@nature.com
416,Klement Trever,25,Male,ktreverbj@newsvine.com
417,Jillana Fones,22,Female,jfonesbk@cloudflare.com
418,Ericka Rigard,21,Female,erigardbl@noaa.gov
419,Em Pietri,49,Female,epietribm@rakuten.co.jp
420,Solomon Cushworth,51,Male,scushworthbn@cnbc.com
421,Barris Milner,31,Male,bmilnerbo@gmpg.org
422,Alida Truesdale,57,Female,atruesdalebp@amazon.co.jp
423,Bendicty Parkyn,26,Male,bparkynbq@mysql.com
424,Ellen Pellingar,58,Genderqueer,epellingarbr@fema.gov
425,Carce Rutland,50,Male,crutlandbs@yandex.ru
426,Adrianna Payton,19,Female,apaytonbt@sun.com
427,Nell Symonds,59,Female,nsymondsbu@reuters.com
428,Duke Hardisty,63,Male,dhardistybv@google.co.jp
429,Fowler Shernock,8,Male,fshernockbw@harvard.edu
430,Rees Flieger,53,Male,rfliegerbx@auda.org.au
431,Skyler Cymper,56,Male,scymperby@theguardian.com
432,Heriberto Drinkwater,40,Male,hdrinkwaterbz@lycos.com
433,Ava MacDearmont,50,Female,amacdearmontc0@over-blog.com
434,Vyky Cissen,58,Female,vcissenc1@cdc.gov
435,Brena Whittek,24,Female,bwhittekc2@boston.com
436,Melisse Hembry,55,Female,mhembryc3@ehow.com
437,Booth Saunier,25,Male,bsaunierc4@studiopress.com
438,Modestine Ugoletti,46,Female,mugolettic5@merriam-webster.com
439,Bethanne Stygall,63,Female,bstygallc6@latimes.com
440,Jeffry Warn,51,Genderfluid,jwarnc7@livejournal.com
441,Kriste Oganesian,57,Female,koganesianc8@free.fr
442,Whitman Garrals,10,Male,wgarralsc9@desdev.cn
443,Edmon Warfield,45,Polygender,ewarfieldca@soup.io
444,Brand Siddeley,10,Male,bsiddeleycb@google.it
445,Sheila Puckinghorne,9,Female,spuckinghornecc@yelp.com
446,Peder Taylder,65,Male,ptayldercd@ucoz.com
447,Marcelia Fierman,12,Female,mfiermance@sohu.com
448,Leeann Elion,59,Female,lelioncf@businessinsider.com
449,Gradeigh Djorvic,35,Male,gdjorviccg@addtoany.com
450,Huntington Godspede,65,Male,hgodspedech@feedburner.com
451,Ileane Elbourn,65,Female,ielbournci@w3.org
452,Evanne Leon,48,Female,eleoncj@weebly.com
453,Daryl Squire,52,Female,dsquireck@prlog.org
454,Yehudit Huey,10,Male,yhueycl@seesaa.net
455,Dexter Edland,16,Male,dedlandcm@bing.com
456,Nerte Tinkler,45,Female,ntinklercn@cam.ac.uk
457,Corene Maureen,33,Female,cmaureenco@google.fr
458,Nerta Bentsen,16,Female,nbentsencp@vistaprint.com
459,Analise Dunlap,46,Female,adunlapcq@icio.us
460,Jammal Kendall,19,Male,jkendallcr@yellowbook.com
461,Noelyn Bampford,61,Bigender,nbampfordcs@umn.edu
462,Laurent Atger,56,Agender,latgerct@canalblog.com
463,Hewett Shiel,8,Male,hshielcu@mtv.com
464,Jody Bolitho,12,Female,jbolithocv@state.gov
465,Rabbi Pontin,37,Male,rpontincw@reuters.com
466,Eamon Fosh,10,Agender,efoshcx@creativecommons.org
467,Marlon Stollwerck,33,Male,mstollwerckcy@telegraph.co.uk
468,Cynthie Bettridge,25,Female,cbettridgecz@stumbleupon.com
469,Darcey Sherbrooke,25,Female,dsherbrooked0@nasa.gov
470,Kelsi Shimoni,51,Female,kshimonid1@google.com.au
471,Coleen Twaits,15,Female,ctwaitsd2@reverbnation.com
472,Tab Francklin,8,Male,tfrancklind3@bloglines.com
473,Adolf Toffts,23,Male,atofftsd4@hugedomains.com
474,Aurea Biskupski,61,Female,abiskupskid5@gmpg.org
475,Vickie Edgeworth,14,Polygender,vedgeworthd6@taobao.com
476,Brantley Purslow,30,Male,bpurslowd7@merriam-webster.com
477,Gabby Biernat,6,Male,gbiernatd8@php.net
478,Leone Fontaine,20,Genderqueer,lfontained9@narod.ru
479,Florry Wragg,51,Female,fwraggda@1und1.de
480,Armstrong Whitticks,47,Male,awhitticksdb@jalbum.net
481,Alphonso Dallimore,6,Male,adallimoredc@businessinsider.com
482,Reed Torrijos,47,Male,rtorrijosdd@newyorker.com
483,Wainwright How,50,Male,whowde@craigslist.org
484,Susi Northall,34,Female,snorthalldf@mysql.com
485,Lizbeth Ludl,15,Female,lludldg@nationalgeographic.com
486,Chryste Chateau,30,Female,cchateaudh@un.org
487,Ailee Lory,30,Genderfluid,alorydi@cbc.ca
488,Adrien Froschauer,23,Male,afroschauerdj@quantcast.com
489,Theodore Vogeller,50,Male,tvogellerdk@utexas.edu
490,Wiley Keenleyside,16,Male,wkeenleysidedl@rediff.com
491,Martica Baumford,37,Female,mbaumforddm@youtu.be
492,Tadd Twiggs,54,Male,ttwiggsdn@google.com
493,Coletta Luker,24,Female,clukerdo@youtube.com
494,Collie Wooldridge,20,Female,cwooldridgedp@t-online.de
495,Mead Shaul,19,Female,mshauldq@tmall.com
496,Ichabod Witheridge,40,Male,iwitheridgedr@amazon.de
497,Birk Jameson,60,Male,bjamesonds@go.com
498,Vanessa Petracek,35,Female,vpetracekdt@arizona.edu
499,Rosabella Kershaw,7,Female,rkershawdu@blog.com
500,Dore Brettor,17,Genderfluid,dbrettordv@diigo.com
501,Bernice Ing,51,Female,bingdw@instagram.com
502,Thorndike Shreve,25,Male,tshrevedx@4shared.com
503,Heather Crennell,44,Female,hcrennelldy@umn.edu
504,Aveline Skeggs,13,Female,askeggsdz@nytimes.com
505,Dorree Alday,11,Female,daldaye0@a8.net
506,Zola Blann,42,Female,zblanne1@skyrock.com
507,Dell Iddons,27,Female,diddonse2@booking.com
508,Zane Adamski,23,Male,zadamskie3@usatoday.com
509,Morgun Altamirano,27,Male,maltamiranoe4@pinterest.com
510,Carmelina Servant,27,Female,cservante5@about.me
511,Edgar Davern,15,Male,edaverne6@i2i.jp
512,Kerrie Turl,52,Female,kturle7@tuttocitta.it
513,Seamus Marquiss,39,Male,smarquisse8@narod.ru
514,Wilmer Sallings,36,Male,wsallingse9@diigo.com
515,Saunder Gabbitis,65,Male,sgabbitisea@flickr.com
516,Morie Cumbridge,12,Male,mcumbridgeeb@google.fr
517,Rosanna Langmuir,43,Female,rlangmuirec@drupal.org
518,Janeczka Buckie,58,Female,jbuckieed@list-manage.com
519,Reamonn Wrates,63,Male,rwratesee@europa.eu
520,Jeffie Terrans,61,Male,jterransef@buzzfeed.com
521,Frederico Barthrop,49,Male,fbarthropeg@scientificamerican.com
522,Coriss Costelow,57,Female,ccosteloweh@chicagotribune.com
523,Archie Atwell,63,Male,aatwellei@blogs.com
524,Gino Van't Hoff,23,Male,gvantej@1688.com
525,Courtnay Checkley,35,Male,ccheckleyek@discuz.net
526,Nedda Lethebridge,30,Female,nlethebridgeel@opensource.org
527,Hilario Noell,56,Male,hnoellem@xrea.com
528,Kettie Jahnke,37,Female,kjahnkeen@ning.com
529,Alverta Snelle,26,Female,asnelleeo@wikispaces.com
530,Gwenette Westmacott,52,Female,gwestmacottep@tripod.com
531,Dedie Gentery,7,Female,dgenteryeq@51.la
532,Alva Evason,47,Male,aevasoner@flickr.com
533,Sherie McGaffey,16,Female,smcgaffeyes@storify.com
534,Myrna Moralee,51,Female,mmoraleeet@weather.com
535,Etan Rigolle,39,Male,erigolleeu@census.gov
536,Cam MacPaike,5,Male,cmacpaikeev@linkedin.com
537,Janaya Norwell,37,Female,jnorwellew@shinystat.com
538,Forrester Ingrey,15,Male,fingreyex@wsj.com
539,Sadella Buckland,37,Agender,sbucklandey@linkedin.com
540,Starla Pacheco,45,Female,spachecoez@phoca.cz
541,Brod Dyhouse,20,Male,bdyhousef0@google.co.uk
542,Fin Skirlin,19,Male,fskirlinf1@123-reg.co.uk
543,Hedvig Buckoke,40,Female,hbuckokef2@opera.com
544,Blaine Lumbers,63,Male,blumbersf3@hubpages.com
545,Lorelle Butterworth,34,Female,lbutterworthf4@altervista.org
546,Ailsun Ortes,10,Female,aortesf5@gmpg.org
547,Flin Paige,8,Male,fpaigef6@sitemeter.com
548,Helsa Wannan,52,Female,hwannanf7@npr.org
549,Luca Longthorne,22,Male,llongthornef8@cnet.com
550,Weston Marvin,15,Male,wmarvinf9@wikia.com
551,Gerladina Baxill,47,Female,gbaxillfa@hibu.com
552,Lori Mandel,61,Female,lmandelfb@blog.com
553,Dolli Clears,22,Female,dclearsfc@accuweather.com
554,Humbert Wackley,29,Male,hwackleyfd@skyrock.com
555,Dicky Gowdridge,25,Male,dgowdridgefe@i2i.jp
556,Constantin Ubee,15,Bigender,cubeeff@microsoft.com
557,Loella Barras,35,Female,lbarrasfg@cargocollective.com
558,Mady Gaudon,10,Female,mgaudonfh@tinypic.com
559,Edita Genike,38,Female,egenikefi@deviantart.com
560,Francyne Garretson,57,Female,fgarretsonfj@yandex.ru
561,Rosy Haskins,58,Female,rhaskinsfk@live.com
562,Anderson Coarser,23,Male,acoarserfl@latimes.com
563,Palmer Beddows,62,Bigender,pbeddowsfm@fc2.com
564,Kassi Calway,7,Female,kcalwayfn@cyberchimps.com
565,Cordy Guys,34,Male,cguysfo@posterous.com
566,Andrey Saphin,33,Male,asaphinfp@google.de
567,Corilla Eisikowitch,18,Female,ceisikowitchfq@people.com.cn
568,Felipa Songest,54,Female,fsongestfr@nih.gov
569,Sapphira Antonietti,37,Female,santoniettifs@cisco.com
570,Heinrik Edmeades,45,Male,hedmeadesft@spiegel.de
571,Desirae Whiff,12,Female,dwhifffu@bandcamp.com
572,Itch Knott,8,Male,iknottfv@exblog.jp
573,Carl MacGarrity,50,Genderqueer,cmacgarrityfw@nyu.edu
574,Regen Barsham,21,Male,rbarshamfx@com.com
575,Rubia Parmley,23,Female,rparmleyfy@oaic.gov.au
576,Bertha Gaskoin,14,Female,bgaskoinfz@ftc.gov
577,Harrietta Faveryear,44,Female,hfaveryearg0@163.com
578,Thorstein Geare,9,Male,tgeareg1@geocities.com
579,Talya Lyburn,44,Female,tlyburng2@washington.edu
580,Charisse Wright,51,Female,cwrightg3@state.gov
581,Dinnie Schoular,63,Female,dschoularg4@intel.com
582,Lowrance Zuenelli,51,Male,lzuenellig5@abc.net.au
583,Alastair Marushak,39,Polygender,amarushakg6@istockphoto.com
584,Adela Yurchenko,41,Genderfluid,ayurchenkog7@dedecms.com
585,Merrel Petrashkov,61,Male,mpetrashkovg8@i2i.jp
586,Adan Bierman,6,Female,abiermang9@economist.com
587,Ardenia Tilbury,31,Female,atilburyga@unesco.org
588,Claudianus Sandhill,52,Male,csandhillgb@china.com.cn
589,Iggie Golagley,41,Male,igolagleygc@globo.com
590,Jedidiah Wallach,48,Male,jwallachgd@indiegogo.com
591,Patric Lawrenson,19,Male,plawrensonge@liveinternet.ru
592,Lil Issacov,61,Female,lissacovgf@gov.uk
593,Lind Heppner,20,Female,lheppnergg@amazon.com
594,Nady Severn,21,Female,nseverngh@sogou.com
595,Anette Laviss,56,Female,alavissgi@google.ca
596,Jesus Kevlin,44,Male,jkevlingj@booking.com
597,Ruth Elbourne,61,Female,relbournegk@example.com
598,Leighton MacCleay,6,Male,lmaccleaygl@tamu.edu
599,Kelbee Dorin,52,Male,kdoringm@wisc.edu
600,Kiel Raddin,58,Male,kraddingn@slideshare.net
601,Helyn Bernadot,15,Female,hbernadotgo@shareasale.com
602,Jana Batchley,12,Female,jbatchleygp@photobucket.com
603,Friedrich Ballendine,25,Male,fballendinegq@google.com
604,Kelbee Itscowicz,43,Polygender,kitscowiczgr@nps.gov
605,Durante Jaggi,27,Male,djaggigs@jimdo.com
606,Odell Layman,41,Male,olaymangt@dailymotion.com
607,Shae Germain,48,Male,sgermaingu@tripod.com
608,Talya Ottery,45,Female,totterygv@desdev.cn
609,Hastings Hazelgreave,9,Male,hhazelgreavegw@columbia.edu
610,Viva Rembaud,24,Female,vrembaudgx@ezinearticles.com
611,Valeda Renouf,45,Female,vrenoufgy@joomla.org
612,Meghan Killiner,6,Female,mkillinergz@latimes.com
613,Natasha Whelpton,64,Female,nwhelptonh0@blogger.com
614,Puff Torrese,6,Male,ptorreseh1@purevolume.com
615,Adriaens Sayer,52,Female,asayerh2@artisteer.com
616,Banky Audibert,39,Male,baudiberth3@dropbox.com
617,Krissie Nutbeem,30,Female,knutbeemh4@w3.org
618,Odell Sabate,51,Male,osabateh5@imgur.com
619,Kelley Lamputt,30,Male,klamputth6@i2i.jp
620,Madalena Downer,19,Female,mdownerh7@apache.org
621,Korie Tebbs,48,Female,ktebbsh8@tuttocitta.it
622,Arnaldo McAloren,5,Male,amcalorenh9@friendfeed.com
623,Fidelio Habens,8,Male,fhabensha@imageshack.us
624,Dalt Vina,54,Male,dvinahb@tmall.com
625,Alic Wrankmore,47,Polygender,awrankmorehc@homestead.com
626,Angelita Andrieux,39,Female,aandrieuxhd@intel.com
627,Veronique Singyard,11,Female,vsingyardhe@delicious.com
628,Giordano Lazenbury,24,Male,glazenburyhf@patch.com
629,Austin Bascomb,11,Genderfluid,abascombhg@scribd.com
630,Thadeus Farmiloe,6,Male,tfarmiloehh@aol.com
631,Ainslee Bateup,12,Female,abateuphi@disqus.com
632,Gideon Nunnerley,63,Polygender,gnunnerleyhj@usda.gov
633,Ad Carnaman,18,Male,acarnamanhk@163.com
634,Britte Cleatherow,21,Female,bcleatherowhl@mayoclinic.com
635,Jemmy Peasegood,46,Female,jpeasegoodhm@dell.com
636,Thibaut Pughsley,16,Male,tpughsleyhn@hubpages.com
637,Stavro Lodevick,6,Male,slodevickho@theglobeandmail.com
638,Seumas Keasley,5,Male,skeasleyhp@wiley.com
639,Wendell Kordova,28,Male,wkordovahq@state.gov
640,Raymund Garrelts,18,Male,rgarreltshr@tamu.edu
641,Fawnia Dare,65,Female,fdarehs@uiuc.edu
642,Otes Adolphine,56,Male,oadolphineht@creativecommons.org
643,Paxton Devonside,15,Polygender,pdevonsidehu@unesco.org
644,Hollie Hiscoe,49,Female,hhiscoehv@cbslocal.com
645,Brendon Fevers,60,Male,bfevershw@msu.edu
646,Randal Klimkin,30,Male,rklimkinhx@prnewswire.com
647,Giacomo Pointing,6,Male,gpointinghy@icio.us
648,Kellen Priddey,7,Male,kpriddeyhz@mapy.cz
649,Kaine Piechnik,5,Male,kpiechniki0@google.ca
650,Kipp Sergeant,34,Male,ksergeanti1@un.org
651,Shandy Duchesne,29,Bigender,sduchesnei2@auda.org.au
652,Wilt Gallichiccio,25,Male,wgallichiccioi3@wisc.edu
653,Emmit Gullivan,17,Male,egullivani4@hc360.com
654,Haydon Jenkison,11,Male,hjenkisoni5@chronoengine.com
655,Hort Schall,63,Male,hschalli6@nbcnews.com
656,Devy Kuhn,42,Male,dkuhni7@booking.com
657,Parnell Pavelka,60,Male,ppavelkai8@bbc.co.uk
658,Sandra Moran,24,Female,smorani9@deviantart.com
659,Rooney Winny,40,Male,rwinnyia@bing.com
660,Stinky Terrell,29,Male,sterrellib@adobe.com
661,Siana Circuitt,26,Female,scircuittic@booking.com
662,Giordano Allner,37,Male,gallnerid@123-reg.co.uk
663,Carmina Ilbert,31,Female,cilbertie@tinypic.com
664,Frasier Fellibrand,42,Polygender,ffellibrandif@cnet.com
665,Thaddeus Melladew,15,Male,tmelladewig@independent.co.uk
666,Dolley Sams,41,Agender,dsamsih@eventbrite.com
667,Ernest Callard,20,Genderfluid,ecallardii@wordpress.org
668,Coral Kegan,23,Female,ckeganij@deviantart.com
669,Farlay McNabb,30,Male,fmcnabbik@php.net
670,Lian Beardmore,44,Female,lbeardmoreil@comcast.net
671,Whitney Petronis,54,Male,wpetronisim@wisc.edu
672,Clarinda Linnard,58,Female,clinnardin@sitemeter.com
673,Goddart Mylchreest,25,Male,gmylchreestio@ft.com
674,Babs Heddy,47,Female,bheddyip@rambler.ru
675,Jess Caldeyroux,34,Male,jcaldeyrouxiq@columbia.edu
676,Tabor Titheridge,9,Male,ttitheridgeir@intel.com
677,Marys Carlan,47,Female,mcarlanis@latimes.com
678,Nickolas Kleinsinger,5,Non-binary,nkleinsingerit@mysql.com
679,Carolynn Elmore,19,Female,celmoreiu@wufoo.com
680,Bob Kilgallon,19,Male,bkilgalloniv@yahoo.com
681,Ty Tidball,10,Male,ttidballiw@angelfire.com
682,Lancelot Cescon,7,Male,lcesconix@jugem.jp
683,Binny Gidney,53,Female,bgidneyiy@google.ru
684,Waverley Mitten,42,Male,wmitteniz@shareasale.com
685,Sarine Tomblett,32,Female,stomblettj0@archive.org
686,Axel Gaynes,29,Male,agaynesj1@ucoz.com
687,Colly Grunbaum,17,Agender,cgrunbaumj2@craigslist.org
688,Theresa Rickersey,47,Female,trickerseyj3@nbcnews.com
689,Willard Arthars,59,Male,wartharsj4@microsoft.com
690,Madelaine Willox,29,Female,mwilloxj5@wikispaces.com
691,Skell Litt,31,Male,slittj6@bloglovin.com
692,Darnell Burdon,6,Male,dburdonj7@nih.gov
693,Juditha Audrey,52,Female,jaudreyj8@google.es
694,Tina Hammarberg,62,Female,thammarbergj9@domainmarket.com
695,Judy Makey,39,Female,jmakeyja@wufoo.com
696,Philippa Brisset,30,Female,pbrissetjb@yahoo.co.jp
697,Thaine Stoakes,31,Male,tstoakesjc@123-reg.co.uk
698,Tova Huson,65,Female,thusonjd@jugem.jp
699,Jared Pepye,16,Male,jpepyeje@telegraph.co.uk
700,Esther Castaner,47,Female,ecastanerjf@stanford.edu
701,Celestia Lilywhite,36,Genderqueer,clilywhitejg@nydailynews.com
702,Doy Eccleston,50,Male,decclestonjh@homestead.com
703,Reilly Rhead,8,Male,rrheadji@ox.ac.uk
704,Inger Kleewein,20,Male,ikleeweinjj@un.org
705,Yancey De Cristoforo,16,Male,ydejk@spiegel.de
706,Ellsworth Nickless,34,Male,enicklessjl@nsw.gov.au
707,Desirae Conduit,9,Female,dconduitjm@vistaprint.com
708,Junie Brigstock,36,Female,jbrigstockjn@gravatar.com
709,Cyndi Hardeman,49,Female,chardemanjo@desdev.cn
710,Desiri Fautley,36,Female,dfautleyjp@dailymotion.com
711,Merola Darthe,42,Agender,mdarthejq@yandex.ru
712,Willy Skala,50,Male,wskalajr@ustream.tv
713,Lucais Plott,29,Male,lplottjs@diigo.com
714,Caralie Menendes,52,Female,cmenendesjt@flickr.com
715,Sashenka Stanyforth,13,Female,sstanyforthju@e-recht24.de
716,Barry Peddar,53,Bigender,bpeddarjv@ameblo.jp
717,Fergus Ferraro,62,Male,fferrarojw@creativecommons.org
718,Barrie Dufore,29,Female,bduforejx@wix.com
719,Mervin Eat,6,Non-binary,meatjy@bizjournals.com
720,Maris Hubane,8,Non-binary,mhubanejz@hostgator.com
721,Sargent Ivanov,10,Male,sivanovk0@wikimedia.org
722,Georgie Scripture,29,Male,gscripturek1@lycos.com
723,Benjy Rowly,33,Male,browlyk2@purevolume.com
724,Giulia Dobney,48,Female,gdobneyk3@wikia.com
725,Joline Ingles,51,Female,jinglesk4@friendfeed.com
726,Christye Stanyforth,26,Female,cstanyforthk5@taobao.com
727,Hansiain Crother,46,Male,hcrotherk6@cpanel.net
728,Twila Gale,32,Female,tgalek7@sogou.com
729,Milzie Johnston,65,Female,mjohnstonk8@nymag.com
730,Nert Blincko,62,Female,nblinckok9@skype.com
731,Zsa zsa Januszewicz,61,Female,zzsaka@ft.com
732,Manda Jakoubec,9,Female,mjakoubeckb@dot.gov
733,Glynis Stamp,40,Female,gstampkc@home.pl
734,Theodore Murrish,10,Male,tmurrishkd@hao123.com
735,Ruthe Wooder,53,Female,rwooderke@hhs.gov
736,Dyan Gile,25,Female,dgilekf@dailymotion.com
737,Joby Lyptrade,11,Female,jlyptradekg@yolasite.com
738,Arley Quixley,42,Male,aquixleykh@state.gov
739,Garrek I'anson,20,Male,giansonki@earthlink.net
740,Minerva Waghorn,24,Female,mwaghornkj@sphinn.com
741,Andriette Gaydon,23,Female,agaydonkk@creativecommons.org
742,Brion Schirok,23,Male,bschirokkl@yellowpages.com
743,Cris Oldridge,32,Female,coldridgekm@rakuten.co.jp
744,Karena Rabat,15,Female,krabatkn@cisco.com
745,Sol Ruppel,5,Male,sruppelko@techcrunch.com
746,Pieter Fulk,58,Male,pfulkkp@amazon.com
747,Ashlee Fruish,31,Female,afruishkq@digg.com
748,Maddy Yakushkin,38,Female,myakushkinkr@slate.com
749,Kit Walklot,64,Female,kwalklotks@opera.com
750,Ewell Robion,20,Male,erobionkt@about.com
751,Aleksandr Sharram,46,Male,asharramku@lycos.com
752,Pascal Hellis,5,Male,phelliskv@msu.edu
753,Waylen Jackman,58,Male,wjackmankw@arizona.edu
754,Natividad Scohier,6,Female,nscohierkx@nifty.com
755,Salmon Pele,19,Male,speleky@simplemachines.org
756,Manolo Blankett,31,Male,mblankettkz@oracle.com
757,Delly Davidovitch,16,Female,ddavidovitchl0@e-recht24.de
758,Guinna Oneile,45,Female,goneilel1@1688.com
759,Merci Hammor,54,Agender,mhammorl2@yellowbook.com
760,Demetre Surgener,16,Male,dsurgenerl3@blogspot.com
761,Amalee Goghin,62,Female,agoghinl4@netvibes.com
762,Christel Mainstone,15,Female,cmainstonel5@shutterfly.com
763,Felisha Breinlein,29,Female,fbreinleinl6@mapy.cz
764,Mia Stops,61,Agender,mstopsl7@ocn.ne.jp
765,Nanni Muffin,46,Female,nmuffinl8@deviantart.com
766,Ronnie Crigin,25,Female,rcriginl9@psu.edu
767,Erhart Mirams,16,Male,emiramsla@wix.com
768,Brandea Vogele,55,Female,bvogelelb@live.com
769,Aland Hamer,58,Male,ahamerlc@gov.uk
770,Libbie Cressingham,7,Female,lcressinghamld@behance.net
771,Reuven Scard,42,Male,rscardle@angelfire.com
772,Shirley Raye,14,Female,srayelf@cbslocal.com
773,Marcile Ccomini,47,Genderqueer,mccominilg@cisco.com
774,Christa Pavy,51,Female,cpavylh@uiuc.edu
775,Val Day,25,Polygender,vdayli@huffingtonpost.com
776,Tommy Cottem,48,Female,tcottemlj@japanpost.jp
777,Herb Bethune,28,Male,hbethunelk@taobao.com
778,Philomena Wildash,63,Female,pwildashll@twitpic.com
779,Aubrette Langston,38,Female,alangstonlm@t-online.de
780,Ferd Brodnecke,53,Male,fbrodneckeln@shutterfly.com
781,Malissia Shillabeare,27,Female,mshillabearelo@washingtonpost.com
782,Maritsa Dadds,54,Female,mdaddslp@wunderground.com
783,Vivyanne Rhys,13,Female,vrhyslq@apple.com
784,Otes Soigoux,55,Male,osoigouxlr@networkadvertising.org
785,Eadmund Lewsy,24,Male,elewsyls@issuu.com
786,Hedvige MacDowall,9,Female,hmacdowalllt@ucla.edu
787,Thomasine Malshinger,61,Female,tmalshingerlu@npr.org
788,Isis Garshore,22,Female,igarshorelv@vinaora.com
789,Robbert Doutch,62,Male,rdoutchlw@guardian.co.uk
790,Justinn Sponder,30,Female,jsponderlx@sohu.com
791,Theo Cheney,59,Genderqueer,tcheneyly@unicef.org
792,Clementina Emett,57,Polygender,cemettlz@disqus.com
793,Penni Belitz,44,Female,pbelitzm0@baidu.com
794,Cecilla Sharpless,18,Female,csharplessm1@elegantthemes.com
795,Suzi Vakhonin,37,Female,svakhoninm2@taobao.com
796,Charmain Bunt,59,Female,cbuntm3@jigsy.com
797,Nicolis Knutsen,25,Male,nknutsenm4@scientificamerican.com
798,Essa Jerrams,30,Female,ejerramsm5@cnet.com
799,Wilt Buckthorpe,24,Male,wbuckthorpem6@skyrock.com
800,Ailene Champniss,19,Female,achampnissm7@usgs.gov
801,Jessie Jouen,12,Male,jjouenm8@aboutads.info
802,Shelley Rhydderch,47,Female,srhydderchm9@bing.com
803,Meier Brigg,11,Male,mbriggma@va.gov
804,Rhett Thomsson,25,Male,rthomssonmb@imdb.com
805,Rip Stotherfield,37,Male,rstotherfieldmc@a8.net
806,Eldon Fransemai,17,Male,efransemaimd@aol.com
807,Lonny Waters,21,Male,lwatersme@addtoany.com
808,Job Phidgin,14,Male,jphidginmf@blinklist.com
809,Karie Bilbery,31,Genderfluid,kbilberymg@nymag.com
810,Nickolai Cheater,12,Male,ncheatermh@sogou.com
811,Celene O' Meara,19,Female,comi@csmonitor.com
812,Tracy Marron,36,Male,tmarronmj@earthlink.net
813,Angel Songer,39,Male,asongermk@disqus.com
814,Shannan Gynn,25,Male,sgynnml@cdbaby.com
815,Karlik Gookey,39,Male,kgookeymm@simplemachines.org
816,Thia Rusk,36,Female,truskmn@sbwire.com
817,Darren Dorn,58,Male,ddornmo@sitemeter.com
818,Neila Jatczak,7,Non-binary,njatczakmp@google.co.jp
819,Judas Mushart,50,Male,jmushartmq@google.com
820,Seymour MacFaul,63,Male,smacfaulmr@msu.edu
821,Jandy Rohan,36,Female,jrohanms@alibaba.com
822,Koo Warters,38,Female,kwartersmt@netscape.com
823,Mel McGeneay,14,Female,mmcgeneaymu@csmonitor.com
824,Winthrop Stoddard,63,Male,wstoddardmv@kickstarter.com
825,Pat Ridoutt,42,Male,pridouttmw@sitemeter.com
826,Orsola Wesker,33,Female,oweskermx@tripadvisor.com
827,Zacharias Linay,60,Male,zlinaymy@xinhuanet.com
828,Laverne Alty,25,Female,laltymz@hubpages.com
829,Trixie Nowick,22,Genderqueer,tnowickn0@topsy.com
830,Allie Lavalde,62,Male,alavalden1@epa.gov
831,Nickie Peddel,36,Female,npeddeln2@usgs.gov
832,Giulia Steer,65,Female,gsteern3@google.com
833,Arney Highway,14,Male,ahighwayn4@epa.gov
834,Benedetta Ivins,50,Female,bivinsn5@wikipedia.org
835,Isabel McPhilemy,34,Female,imcphilemyn6@answers.com
836,Nil Rivallant,32,Male,nrivallantn7@posterous.com
837,Marillin Verling,44,Female,mverlingn8@nature.com
838,Hew Biasi,10,Male,hbiasin9@diigo.com
839,Julian Annakin,17,Male,jannakinna@deviantart.com
840,Anstice Greenard,17,Female,agreenardnb@mac.com
841,Tuck Weatherhead,65,Male,tweatherheadnc@china.com.cn
842,Cointon Budleigh,41,Male,cbudleighnd@themeforest.net
843,Jobi Dobey,22,Female,jdobeyne@squidoo.com
844,Griselda Francie,63,Female,gfrancienf@economist.com
845,Hadley Toyer,50,Male,htoyerng@columbia.edu
846,Pammie Mumby,28,Female,pmumbynh@woothemes.com
847,Dav Casbourne,64,Male,dcasbourneni@creativecommons.org
848,Glori Gainsbury,35,Female,ggainsburynj@51.la
849,Ranique Mayze,36,Female,rmayzenk@instagram.com
850,Caryn Storcke,43,Female,cstorckenl@360.cn
851,Hanni Roycroft,16,Female,hroycroftnm@businessinsider.com
852,Bram McGowan,40,Male,bmcgowannn@techcrunch.com
853,Mary Winfield,56,Female,mwinfieldno@squidoo.com
854,Horten Wiley,26,Male,hwileynp@simplemachines.org
855,Smitty Simeon,15,Genderfluid,ssimeonnq@printfriendly.com
856,Correna Mundle,60,Female,cmundlenr@forbes.com
857,Shell Cubbinelli,8,Male,scubbinellins@histats.com
858,Benton Solloway,53,Male,bsollowaynt@plala.or.jp
859,Deanna Twitty,12,Female,dtwittynu@mapy.cz
860,Justina Reide,39,Female,jreidenv@clickbank.net
861,Patin Brose,16,Male,pbrosenw@latimes.com
862,Rafaellle Eddison,23,Male,reddisonnx@blogspot.com
863,Ches Yeatman,64,Genderqueer,cyeatmanny@1688.com
864,Stephine Jakobsson,27,Female,sjakobssonnz@unesco.org
865,Cahra Miklem,58,Female,cmiklemo0@goodreads.com
866,Pattie Iron,40,Male,pirono1@ihg.com
867,Agosto Trodden,35,Male,atroddeno2@google.ca
868,Avery Hallwood,9,Male,ahallwoodo3@tinyurl.com
869,Urson Thornton-Dewhirst,64,Male,uthorntondewhirsto4@merriam-webster.com
870,Lezlie Kehri,39,Female,lkehrio5@shutterfly.com
871,Izak D'Alwis,9,Male,idalwiso6@dedecms.com
872,Candide Morey,30,Female,cmoreyo7@reference.com
873,Dennie Pedracci,41,Female,dpedraccio8@skyrock.com
874,Bettye Sebire,22,Female,bsebireo9@xing.com
875,Banky Woollcott,6,Male,bwoollcottoa@51.la
876,Gray Axell,10,Male,gaxellob@amazonaws.com
877,Rochette Teesdale,16,Female,rteesdaleoc@hexun.com
878,Valera Varney,5,Female,vvarneyod@columbia.edu
879,Joyan Eidelman,22,Female,jeidelmanoe@craigslist.org
880,Rocky Such,19,Male,rsuchof@infoseek.co.jp
881,Gerrard Vondracek,14,Male,gvondracekog@baidu.com
882,Sven Daffern,5,Non-binary,sdaffernoh@sfgate.com
883,Prudy Peevor,64,Female,ppeevoroi@amazon.com
884,Aimee Nowakowska,20,Female,anowakowskaoj@google.com.au
885,Paloma Brecken,16,Female,pbreckenok@vistaprint.com
886,Genovera Scolding,36,Female,gscoldingol@xing.com
887,Portia Copello,44,Female,pcopelloom@japanpost.jp
888,Lynnell Carmody,65,Female,lcarmodyon@foxnews.com
889,Laney Cleiment,53,Female,lcleimentoo@wikispaces.com
890,Colin Steart,29,Male,csteartop@kickstarter.com
891,Joana Arrighetti,42,Female,jarrighettioq@cbsnews.com
892,Afton Falco,57,Agender,afalcoor@about.com
893,Bing Vayro,7,Male,bvayroos@twitter.com
894,Nolan Sandwich,51,Male,nsandwichot@msu.edu
895,Amara Runnett,12,Female,arunnettou@ucsd.edu
896,Albina Leatham,45,Female,aleathamov@ehow.com
897,Sidonnie Coltherd,56,Female,scoltherdow@addthis.com
898,Joleen Penrith,11,Female,jpenrithox@fastcompany.com
899,Edgard Jubb,51,Male,ejubboy@etsy.com
900,Agosto Rable,24,Male,arableoz@flickr.com
901,Dickie Kincey,26,Male,dkinceyp0@soundcloud.com
902,Scarlett Massot,61,Female,smassotp1@dagondesign.com
903,Northrup Reneke,21,Male,nrenekep2@imgur.com
904,Woodrow Henfre,56,Male,whenfrep3@forbes.com
905,Gustavo Weatherley,36,Male,gweatherleyp4@chicagotribune.com
906,Joli Redsell,51,Female,jredsellp5@amazonaws.com
907,Elva Satterley,41,Female,esatterleyp6@huffingtonpost.com
908,Alain Pidgen,21,Genderfluid,apidgenp7@ameblo.jp
909,Federico Stammers,51,Male,fstammersp8@timesonline.co.uk
910,Reuven Connaughton,60,Male,rconnaughtonp9@homestead.com
911,Pauly Foote,7,Male,pfootepa@mashable.com
912,Torr St. Leger,39,Male,tstpb@youtube.com
913,Joceline Brabin,59,Female,jbrabinpc@fema.gov
914,Bibby Barry,44,Female,bbarrypd@tmall.com
915,Bentlee Trevenu,8,Male,btrevenupe@omniture.com
916,Katalin Wren,39,Female,kwrenpf@dailymail.co.uk
917,Tripp Grissett,35,Male,tgrissettpg@eventbrite.com
918,Lauritz Feely,21,Male,lfeelyph@yelp.com
919,Cosmo Birdsall,61,Male,cbirdsallpi@godaddy.com
920,Lucille Durant,49,Female,ldurantpj@pbs.org
921,Agathe Pavis,53,Female,apavispk@smugmug.com
922,Charlotte Haselwood,16,Genderfluid,chaselwoodpl@dropbox.com
923,Barry Petera,24,Female,bpeterapm@sina.com.cn
924,Renata Ruddy,43,Female,rruddypn@last.fm
925,Ianthe Carder,28,Female,icarderpo@businessinsider.com
926,Ulric Brownill,15,Male,ubrownillpp@independent.co.uk
927,Giffard Breeze,62,Male,gbreezepq@addtoany.com
928,Quentin Rogge,6,Female,qroggepr@livejournal.com
929,Etty Sicha,38,Genderfluid,esichaps@multiply.com
930,Chrystel Bennis,37,Female,cbennispt@bandcamp.com
931,Isiahi Raubheim,24,Male,iraubheimpu@unblog.fr
932,Joachim Lakes,27,Male,jlakespv@loc.gov
933,Mayor Petticrow,47,Male,mpetticrowpw@ocn.ne.jp
934,Cathy Randales,9,Female,crandalespx@time.com
935,Dniren Finey,16,Female,dfineypy@shop-pro.jp
936,Bess Martinson,63,Genderqueer,bmartinsonpz@devhub.com
937,Stanly Stoke,39,Male,sstokeq0@topsy.com
938,Sheffield Pollins,56,Genderfluid,spollinsq1@engadget.com
939,Hewie Broady,56,Male,hbroadyq2@purevolume.com
940,Lewie Burgis,27,Male,lburgisq3@oakley.com
941,Bobine Breache,44,Female,bbreacheq4@dropbox.com
942,Arron Pappi,20,Male,apappiq5@bing.com
943,Davita Wulfinger,21,Female,dwulfingerq6@arstechnica.com
944,Kasey Yea,14,Female,kyeaq7@g.co
945,Harris Brissenden,34,Agender,hbrissendenq8@tiny.cc
946,Reider Raikes,29,Male,rraikesq9@com.com
947,Tedda Miettinen,48,Female,tmiettinenqa@gravatar.com
948,Dasha Gellately,33,Genderfluid,dgellatelyqb@unicef.org
949,Arly Bemlott,32,Female,abemlottqc@addtoany.com
950,Reamonn Mourton,61,Male,rmourtonqd@sciencedaily.com
951,Fayina Costar,22,Female,fcostarqe@cyberchimps.com
952,Babs Shevelin,49,Female,bshevelinqf@upenn.edu
953,Dacie Pietraszek,23,Female,dpietraszekqg@woothemes.com
954,Brittani Danzig,31,Female,bdanzigqh@wikispaces.com
955,Tris Jelleman,48,Male,tjellemanqi@wp.com
956,Carl Pickrell,31,Polygender,cpickrellqj@over-blog.com
957,Ailina Warriner,5,Female,awarrinerqk@newyorker.com
958,Abigael Middler,22,Female,amiddlerql@ebay.com
959,Steve Fletcher,43,Male,sfletcherqm@comcast.net
960,Bjorn Dumbrell,11,Agender,bdumbrellqn@gizmodo.com
961,Homer Bertelmot,63,Male,hbertelmotqo@princeton.edu
962,Tucky Stockney,49,Male,tstockneyqp@tripadvisor.com
963,Gaultiero Mar,57,Male,gmarqq@bing.com
964,Gaspard Koche,47,Male,gkocheqr@dailymotion.com
965,Kennie Brantl,38,Male,kbrantlqs@hc360.com
966,Gloriane Pratte,37,Female,gpratteqt@shareasale.com
967,Chevalier Insull,31,Male,cinsullqu@reference.com
968,Chelsae Capun,52,Female,ccapunqv@wp.com
969,Gonzales Burrells,61,Male,gburrellsqw@desdev.cn
970,Smitty Kerslake,17,Male,skerslakeqx@amazon.co.uk
971,Rana Clancey,6,Female,rclanceyqy@bravesites.com
972,Sharline Staining,23,Female,sstainingqz@webeden.co.uk
973,Allin Carrol,7,Male,acarrolr0@weebly.com
974,Bette Lydford,36,Female,blydfordr1@hubpages.com
975,Walton Geggie,14,Male,wgeggier2@shinystat.com
976,Bruis Fallens,45,Male,bfallensr3@delicious.com
977,Bruno Ganforth,47,Male,bganforthr4@sina.com.cn
978,Mollee Willmer,5,Female,mwillmerr5@yale.edu
979,Anet Adess,61,Female,aadessr6@salon.com
980,Worth Worham,50,Male,wworhamr7@goodreads.com
981,Isidora Dansey,6,Female,idanseyr8@mit.edu
982,Lezley Gellately,41,Male,lgellatelyr9@slashdot.org
983,Wolf Monard,54,Male,wmonardra@technorati.com
984,Maitilde Adamovsky,29,Female,madamovskyrb@alibaba.com
985,Margery Nanson,33,Female,mnansonrc@amazon.co.uk
986,Emmerich MacGaffey,41,Male,emacgaffeyrd@census.gov
987,Christie Chalke,22,Female,cchalkere@pbs.org
988,Sheilah Ivie,28,Female,sivierf@devhub.com
989,Bartolomeo O'Heffernan,41,Male,boheffernanrg@latimes.com
990,Ethelind Borley,29,Female,eborleyrh@chron.com
991,Karia Eagles,33,Female,keaglesri@cbslocal.com
992,Levin Grindle,46,Male,lgrindlerj@multiply.com
993,Ansell Dabes,55,Male,adabesrk@tumblr.com
994,Joycelin Merryfield,6,Female,jmerryfieldrl@opensource.org
995,Merrilee Corradini,61,Female,mcorradinirm@ft.com
996,Jourdan Daugherty,54,Female,jdaughertyrn@e-recht24.de
997,Bobbie Ferruzzi,12,Female,bferruzziro@baidu.com
998,Aileen Mayhead,33,Female,amayheadrp@goo.gl
999,Rafi Thurley,13,Male,rthurleyrq@telegraph.co.uk
1000,Hyacinth Higbin,48,Female,hhigbinrr@prnewswire.com
